{
   "data":{
      "cat_0.jpg":{
         "label":1
      },
      "cat_1.jpg":{
         "label":1
      },
      "cat_10.jpg":{
         "label":1
      },
      "cat_100.jpg":{
         "label":1
      },
      "cat_101.jpg":{
         "label":1
      },
      "cat_102.jpg":{
         "label":1
      },
      "cat_103.jpg":{
         "label":1
      },
      "cat_104.jpg":{
         "label":1
      },
      "cat_105.jpg":{
         "label":1
      },
      "cat_106.jpg":{
         "label":1
      },
      "cat_107.jpg":{
         "label":1
      },
      "cat_108.jpg":{
         "label":1
      },
      "cat_109.jpg":{
         "label":1
      },
      "cat_11.jpg":{
         "label":1
      },
      "cat_110.jpg":{
         "label":1
      },
      "cat_111.jpg":{
         "label":1
      },
      "cat_112.jpg":{
         "label":1
      },
      "cat_113.jpg":{
         "label":1
      },
      "cat_114.jpg":{
         "label":1
      },
      "cat_115.jpg":{
         "label":1
      },
      "cat_116.jpg":{
         "label":1
      },
      "cat_117.jpg":{
         "label":1
      },
      "cat_118.jpg":{
         "label":1
      },
      "cat_119.jpg":{
         "label":1
      },
      "cat_12.jpg":{
         "label":1
      },
      "cat_120.jpg":{
         "label":1
      },
      "cat_121.jpg":{
         "label":1
      },
      "cat_122.jpg":{
         "label":1
      },
      "cat_123.jpg":{
         "label":1
      },
      "cat_124.jpg":{
         "label":1
      },
      "cat_125.jpg":{
         "label":1
      },
      "cat_126.jpg":{
         "label":1
      },
      "cat_127.jpg":{
         "label":1
      },
      "cat_128.jpg":{
         "label":1
      },
      "cat_129.jpg":{
         "label":1
      },
      "cat_13.jpg":{
         "label":1
      },
      "cat_130.jpg":{
         "label":1
      },
      "cat_131.jpg":{
         "label":1
      },
      "cat_132.jpg":{
         "label":1
      },
      "cat_133.jpg":{
         "label":1
      },
      "cat_134.jpg":{
         "label":1
      },
      "cat_135.jpg":{
         "label":1
      },
      "cat_136.jpg":{
         "label":1
      },
      "cat_137.jpg":{
         "label":1
      },
      "cat_138.jpg":{
         "label":1
      },
      "cat_139.jpg":{
         "label":1
      },
      "cat_14.jpg":{
         "label":1
      },
      "cat_140.jpg":{
         "label":1
      },
      "cat_141.jpg":{
         "label":1
      },
      "cat_142.jpg":{
         "label":1
      },
      "cat_143.jpg":{
         "label":1
      },
      "cat_144.jpg":{
         "label":1
      },
      "cat_145.jpg":{
         "label":1
      },
      "cat_146.jpg":{
         "label":1
      },
      "cat_147.jpg":{
         "label":1
      },
      "cat_148.jpg":{
         "label":1
      },
      "cat_149.jpg":{
         "label":1
      },
      "cat_15.jpg":{
         "label":1
      },
      "cat_150.jpg":{
         "label":1
      },
      "cat_151.jpg":{
         "label":1
      },
      "cat_152.jpg":{
         "label":1
      },
      "cat_153.jpg":{
         "label":1
      },
      "cat_154.jpg":{
         "label":1
      },
      "cat_155.jpg":{
         "label":1
      },
      "cat_156.jpg":{
         "label":1
      },
      "cat_157.jpg":{
         "label":1
      },
      "cat_158.jpg":{
         "label":1
      },
      "cat_159.jpg":{
         "label":1
      },
      "cat_16.jpg":{
         "label":1
      },
      "cat_160.jpg":{
         "label":1
      },
      "cat_161.jpg":{
         "label":1
      },
      "cat_162.jpg":{
         "label":1
      },
      "cat_163.jpg":{
         "label":1
      },
      "cat_164.jpg":{
         "label":1
      },
      "cat_165.jpg":{
         "label":1
      },
      "cat_166.jpg":{
         "label":1
      },
      "cat_167.jpg":{
         "label":1
      },
      "cat_168.jpg":{
         "label":1
      },
      "cat_169.jpg":{
         "label":1
      },
      "cat_17.jpg":{
         "label":1
      },
      "cat_170.jpg":{
         "label":1
      },
      "cat_171.jpg":{
         "label":1
      },
      "cat_172.jpg":{
         "label":1
      },
      "cat_173.jpg":{
         "label":1
      },
      "cat_174.jpg":{
         "label":1
      },
      "cat_175.jpg":{
         "label":1
      },
      "cat_176.jpg":{
         "label":1
      },
      "cat_177.jpg":{
         "label":1
      },
      "cat_178.jpg":{
         "label":1
      },
      "cat_179.jpg":{
         "label":1
      },
      "cat_18.jpg":{
         "label":1
      },
      "cat_180.jpg":{
         "label":1
      },
      "cat_181.jpg":{
         "label":1
      },
      "cat_182.jpg":{
         "label":1
      },
      "cat_183.jpg":{
         "label":1
      },
      "cat_184.jpg":{
         "label":1
      },
      "cat_185.jpg":{
         "label":1
      },
      "cat_186.jpg":{
         "label":1
      },
      "cat_187.jpg":{
         "label":1
      },
      "cat_188.jpg":{
         "label":1
      },
      "cat_189.jpg":{
         "label":1
      },
      "cat_19.jpg":{
         "label":1
      },
      "cat_190.jpg":{
         "label":1
      },
      "cat_191.jpg":{
         "label":1
      },
      "cat_192.jpg":{
         "label":1
      },
      "cat_193.jpg":{
         "label":1
      },
      "cat_194.jpg":{
         "label":1
      },
      "cat_195.jpg":{
         "label":1
      },
      "cat_196.jpg":{
         "label":1
      },
      "cat_197.jpg":{
         "label":1
      },
      "cat_198.jpg":{
         "label":1
      },
      "cat_199.jpg":{
         "label":1
      },
      "cat_2.jpg":{
         "label":1
      },
      "cat_20.jpg":{
         "label":1
      },
      "cat_200.jpg":{
         "label":1
      },
      "cat_201.jpg":{
         "label":1
      },
      "cat_202.jpg":{
         "label":1
      },
      "cat_203.jpg":{
         "label":1
      },
      "cat_204.jpg":{
         "label":1
      },
      "cat_205.jpg":{
         "label":1
      },
      "cat_206.jpg":{
         "label":1
      },
      "cat_207.jpg":{
         "label":1
      },
      "cat_208.jpg":{
         "label":1
      },
      "cat_209.jpg":{
         "label":1
      },
      "cat_21.jpg":{
         "label":1
      },
      "cat_210.jpg":{
         "label":1
      },
      "cat_211.jpg":{
         "label":1
      },
      "cat_212.jpg":{
         "label":1
      },
      "cat_213.jpg":{
         "label":1
      },
      "cat_214.jpg":{
         "label":1
      },
      "cat_215.jpg":{
         "label":1
      },
      "cat_216.jpg":{
         "label":1
      },
      "cat_217.jpg":{
         "label":1
      },
      "cat_218.jpg":{
         "label":1
      },
      "cat_219.jpg":{
         "label":1
      },
      "cat_22.jpg":{
         "label":1
      },
      "cat_220.jpg":{
         "label":1
      },
      "cat_221.jpg":{
         "label":1
      },
      "cat_222.jpg":{
         "label":1
      },
      "cat_223.jpg":{
         "label":1
      },
      "cat_224.jpg":{
         "label":1
      },
      "cat_225.jpg":{
         "label":1
      },
      "cat_226.jpg":{
         "label":1
      },
      "cat_227.jpg":{
         "label":1
      },
      "cat_228.jpg":{
         "label":1
      },
      "cat_229.jpg":{
         "label":1
      },
      "cat_23.jpg":{
         "label":1
      },
      "cat_230.jpg":{
         "label":1
      },
      "cat_231.jpg":{
         "label":1
      },
      "cat_232.jpg":{
         "label":1
      },
      "cat_233.jpg":{
         "label":1
      },
      "cat_234.jpg":{
         "label":1
      },
      "cat_235.jpg":{
         "label":1
      },
      "cat_236.jpg":{
         "label":1
      },
      "cat_237.jpg":{
         "label":1
      },
      "cat_238.jpg":{
         "label":1
      },
      "cat_239.jpg":{
         "label":1
      },
      "cat_24.jpg":{
         "label":1
      },
      "cat_240.jpg":{
         "label":1
      },
      "cat_241.jpg":{
         "label":1
      },
      "cat_242.jpg":{
         "label":1
      },
      "cat_243.jpg":{
         "label":1
      },
      "cat_244.jpg":{
         "label":1
      },
      "cat_245.jpg":{
         "label":1
      },
      "cat_246.jpg":{
         "label":1
      },
      "cat_247.jpg":{
         "label":1
      },
      "cat_248.jpg":{
         "label":1
      },
      "cat_249.jpg":{
         "label":1
      },
      "cat_25.jpg":{
         "label":1
      },
      "cat_250.jpg":{
         "label":1
      },
      "cat_251.jpg":{
         "label":1
      },
      "cat_252.jpg":{
         "label":1
      },
      "cat_253.jpg":{
         "label":1
      },
      "cat_254.jpg":{
         "label":1
      },
      "cat_255.jpg":{
         "label":1
      },
      "cat_256.jpg":{
         "label":1
      },
      "cat_257.jpg":{
         "label":1
      },
      "cat_258.jpg":{
         "label":1
      },
      "cat_259.jpg":{
         "label":1
      },
      "cat_26.jpg":{
         "label":1
      },
      "cat_260.jpg":{
         "label":1
      },
      "cat_261.jpg":{
         "label":1
      },
      "cat_262.jpg":{
         "label":1
      },
      "cat_263.jpg":{
         "label":1
      },
      "cat_264.jpg":{
         "label":1
      },
      "cat_265.jpg":{
         "label":1
      },
      "cat_266.jpg":{
         "label":1
      },
      "cat_267.jpg":{
         "label":1
      },
      "cat_268.jpg":{
         "label":1
      },
      "cat_269.jpg":{
         "label":1
      },
      "cat_27.jpg":{
         "label":1
      },
      "cat_270.jpg":{
         "label":1
      },
      "cat_271.jpg":{
         "label":1
      },
      "cat_272.jpg":{
         "label":1
      },
      "cat_273.jpg":{
         "label":1
      },
      "cat_274.jpg":{
         "label":1
      },
      "cat_275.jpg":{
         "label":1
      },
      "cat_276.jpg":{
         "label":1
      },
      "cat_277.jpg":{
         "label":1
      },
      "cat_278.jpg":{
         "label":1
      },
      "cat_279.jpg":{
         "label":1
      },
      "cat_28.jpg":{
         "label":1
      },
      "cat_280.jpg":{
         "label":1
      },
      "cat_281.jpg":{
         "label":1
      },
      "cat_282.jpg":{
         "label":1
      },
      "cat_283.jpg":{
         "label":1
      },
      "cat_284.jpg":{
         "label":1
      },
      "cat_285.jpg":{
         "label":1
      },
      "cat_286.jpg":{
         "label":1
      },
      "cat_287.jpg":{
         "label":1
      },
      "cat_288.jpg":{
         "label":1
      },
      "cat_289.jpg":{
         "label":1
      },
      "cat_29.jpg":{
         "label":1
      },
      "cat_290.jpg":{
         "label":1
      },
      "cat_291.jpg":{
         "label":1
      },
      "cat_292.jpg":{
         "label":1
      },
      "cat_293.jpg":{
         "label":1
      },
      "cat_294.jpg":{
         "label":1
      },
      "cat_295.jpg":{
         "label":1
      },
      "cat_296.jpg":{
         "label":1
      },
      "cat_297.jpg":{
         "label":1
      },
      "cat_298.jpg":{
         "label":1
      },
      "cat_299.jpg":{
         "label":1
      },
      "cat_3.jpg":{
         "label":1
      },
      "cat_30.jpg":{
         "label":1
      },
      "cat_31.jpg":{
         "label":1
      },
      "cat_32.jpg":{
         "label":1
      },
      "cat_33.jpg":{
         "label":1
      },
      "cat_34.jpg":{
         "label":1
      },
      "cat_35.jpg":{
         "label":1
      },
      "cat_36.jpg":{
         "label":1
      },
      "cat_37.jpg":{
         "label":1
      },
      "cat_38.jpg":{
         "label":1
      },
      "cat_39.jpg":{
         "label":1
      },
      "cat_4.jpg":{
         "label":1
      },
      "cat_40.jpg":{
         "label":1
      },
      "cat_41.jpg":{
         "label":1
      },
      "cat_42.jpg":{
         "label":1
      },
      "cat_43.jpg":{
         "label":1
      },
      "cat_44.jpg":{
         "label":1
      },
      "cat_45.jpg":{
         "label":1
      },
      "cat_46.jpg":{
         "label":1
      },
      "cat_47.jpg":{
         "label":1
      },
      "cat_48.jpg":{
         "label":1
      },
      "cat_49.jpg":{
         "label":1
      },
      "cat_5.jpg":{
         "label":1
      },
      "cat_50.jpg":{
         "label":1
      },
      "cat_51.jpg":{
         "label":1
      },
      "cat_52.jpg":{
         "label":1
      },
      "cat_53.jpg":{
         "label":1
      },
      "cat_54.jpg":{
         "label":1
      },
      "cat_55.jpg":{
         "label":1
      },
      "cat_56.jpg":{
         "label":1
      },
      "cat_57.jpg":{
         "label":1
      },
      "cat_58.jpg":{
         "label":1
      },
      "cat_59.jpg":{
         "label":1
      },
      "cat_6.jpg":{
         "label":1
      },
      "cat_60.jpg":{
         "label":1
      },
      "cat_61.jpg":{
         "label":1
      },
      "cat_62.jpg":{
         "label":1
      },
      "cat_63.jpg":{
         "label":1
      },
      "cat_64.jpg":{
         "label":1
      },
      "cat_65.jpg":{
         "label":1
      },
      "cat_66.jpg":{
         "label":1
      },
      "cat_67.jpg":{
         "label":1
      },
      "cat_68.jpg":{
         "label":1
      },
      "cat_69.jpg":{
         "label":1
      },
      "cat_7.jpg":{
         "label":1
      },
      "cat_70.jpg":{
         "label":1
      },
      "cat_71.jpg":{
         "label":1
      },
      "cat_72.jpg":{
         "label":1
      },
      "cat_73.jpg":{
         "label":1
      },
      "cat_74.jpg":{
         "label":1
      },
      "cat_75.jpg":{
         "label":1
      },
      "cat_76.jpg":{
         "label":1
      },
      "cat_77.jpg":{
         "label":1
      },
      "cat_78.jpg":{
         "label":1
      },
      "cat_79.jpg":{
         "label":1
      },
      "cat_8.jpg":{
         "label":1
      },
      "cat_80.jpg":{
         "label":1
      },
      "cat_81.jpg":{
         "label":1
      },
      "cat_82.jpg":{
         "label":1
      },
      "cat_83.jpg":{
         "label":1
      },
      "cat_84.jpg":{
         "label":1
      },
      "cat_85.jpg":{
         "label":1
      },
      "cat_86.jpg":{
         "label":1
      },
      "cat_87.jpg":{
         "label":1
      },
      "cat_88.jpg":{
         "label":1
      },
      "cat_89.jpg":{
         "label":1
      },
      "cat_9.jpg":{
         "label":1
      },
      "cat_90.jpg":{
         "label":1
      },
      "cat_91.jpg":{
         "label":1
      },
      "cat_92.jpg":{
         "label":1
      },
      "cat_93.jpg":{
         "label":1
      },
      "cat_94.jpg":{
         "label":1
      },
      "cat_95.jpg":{
         "label":1
      },
      "cat_96.jpg":{
         "label":1
      },
      "cat_97.jpg":{
         "label":1
      },
      "cat_98.jpg":{
         "label":1
      },
      "cat_99.jpg":{
         "label":1
      },
      "dog_0.jpg":{
         "label":0
      },
      "dog_1.jpg":{
         "label":0
      },
      "dog_10.jpg":{
         "label":0
      },
      "dog_100.jpg":{
         "label":0
      },
      "dog_101.jpg":{
         "label":0
      },
      "dog_102.jpg":{
         "label":0
      },
      "dog_103.jpg":{
         "label":0
      },
      "dog_104.jpg":{
         "label":0
      },
      "dog_105.jpg":{
         "label":0
      },
      "dog_106.jpg":{
         "label":0
      },
      "dog_107.jpg":{
         "label":0
      },
      "dog_108.jpg":{
         "label":0
      },
      "dog_109.jpg":{
         "label":0
      },
      "dog_11.jpg":{
         "label":0
      },
      "dog_110.jpg":{
         "label":0
      },
      "dog_111.jpg":{
         "label":0
      },
      "dog_112.jpg":{
         "label":0
      },
      "dog_113.jpg":{
         "label":0
      },
      "dog_114.jpg":{
         "label":0
      },
      "dog_115.jpg":{
         "label":0
      },
      "dog_116.jpg":{
         "label":0
      },
      "dog_117.jpg":{
         "label":0
      },
      "dog_118.jpg":{
         "label":0
      },
      "dog_119.jpg":{
         "label":0
      },
      "dog_12.jpg":{
         "label":0
      },
      "dog_120.jpg":{
         "label":0
      },
      "dog_121.jpg":{
         "label":0
      },
      "dog_122.jpg":{
         "label":0
      },
      "dog_123.jpg":{
         "label":0
      },
      "dog_124.jpg":{
         "label":0
      },
      "dog_125.jpg":{
         "label":0
      },
      "dog_126.jpg":{
         "label":0
      },
      "dog_127.jpg":{
         "label":0
      },
      "dog_128.jpg":{
         "label":0
      },
      "dog_129.jpg":{
         "label":0
      },
      "dog_13.jpg":{
         "label":0
      },
      "dog_130.jpg":{
         "label":0
      },
      "dog_131.jpg":{
         "label":0
      },
      "dog_132.jpg":{
         "label":0
      },
      "dog_133.jpg":{
         "label":0
      },
      "dog_134.jpg":{
         "label":0
      },
      "dog_135.jpg":{
         "label":0
      },
      "dog_136.jpg":{
         "label":0
      },
      "dog_137.jpg":{
         "label":0
      },
      "dog_138.jpg":{
         "label":0
      },
      "dog_139.jpg":{
         "label":0
      },
      "dog_14.jpg":{
         "label":0
      },
      "dog_140.jpg":{
         "label":0
      },
      "dog_141.jpg":{
         "label":0
      },
      "dog_142.jpg":{
         "label":0
      },
      "dog_143.jpg":{
         "label":0
      },
      "dog_144.jpg":{
         "label":0
      },
      "dog_145.jpg":{
         "label":0
      },
      "dog_146.jpg":{
         "label":0
      },
      "dog_147.jpg":{
         "label":0
      },
      "dog_148.jpg":{
         "label":0
      },
      "dog_149.jpg":{
         "label":0
      },
      "dog_15.jpg":{
         "label":0
      },
      "dog_150.jpg":{
         "label":0
      },
      "dog_151.jpg":{
         "label":0
      },
      "dog_152.jpg":{
         "label":0
      },
      "dog_153.jpg":{
         "label":0
      },
      "dog_154.jpg":{
         "label":0
      },
      "dog_155.jpg":{
         "label":0
      },
      "dog_156.jpg":{
         "label":0
      },
      "dog_157.jpg":{
         "label":0
      },
      "dog_158.jpg":{
         "label":0
      },
      "dog_159.jpg":{
         "label":0
      },
      "dog_16.jpg":{
         "label":0
      },
      "dog_160.jpg":{
         "label":0
      },
      "dog_161.jpg":{
         "label":0
      },
      "dog_162.jpg":{
         "label":0
      },
      "dog_163.jpg":{
         "label":0
      },
      "dog_164.jpg":{
         "label":0
      },
      "dog_165.jpg":{
         "label":0
      },
      "dog_166.jpg":{
         "label":0
      },
      "dog_167.jpg":{
         "label":0
      },
      "dog_168.jpg":{
         "label":0
      },
      "dog_169.jpg":{
         "label":0
      },
      "dog_17.jpg":{
         "label":0
      },
      "dog_170.jpg":{
         "label":0
      },
      "dog_171.jpg":{
         "label":0
      },
      "dog_172.jpg":{
         "label":0
      },
      "dog_173.jpg":{
         "label":0
      },
      "dog_174.jpg":{
         "label":0
      },
      "dog_175.jpg":{
         "label":0
      },
      "dog_176.jpg":{
         "label":0
      },
      "dog_177.jpg":{
         "label":0
      },
      "dog_178.jpg":{
         "label":0
      },
      "dog_179.jpg":{
         "label":0
      },
      "dog_18.jpg":{
         "label":0
      },
      "dog_180.jpg":{
         "label":0
      },
      "dog_181.jpg":{
         "label":0
      },
      "dog_182.jpg":{
         "label":0
      },
      "dog_183.jpg":{
         "label":0
      },
      "dog_184.jpg":{
         "label":0
      },
      "dog_185.jpg":{
         "label":0
      },
      "dog_186.jpg":{
         "label":0
      },
      "dog_187.jpg":{
         "label":0
      },
      "dog_188.jpg":{
         "label":0
      },
      "dog_189.jpg":{
         "label":0
      },
      "dog_19.jpg":{
         "label":0
      },
      "dog_190.jpg":{
         "label":0
      },
      "dog_191.jpg":{
         "label":0
      },
      "dog_192.jpg":{
         "label":0
      },
      "dog_193.jpg":{
         "label":0
      },
      "dog_194.jpg":{
         "label":0
      },
      "dog_195.jpg":{
         "label":0
      },
      "dog_196.jpg":{
         "label":0
      },
      "dog_197.jpg":{
         "label":0
      },
      "dog_198.jpg":{
         "label":0
      },
      "dog_199.jpg":{
         "label":0
      },
      "dog_2.jpg":{
         "label":0
      },
      "dog_20.jpg":{
         "label":0
      },
      "dog_200.jpg":{
         "label":0
      },
      "dog_201.jpg":{
         "label":0
      },
      "dog_202.jpg":{
         "label":0
      },
      "dog_203.jpg":{
         "label":0
      },
      "dog_204.jpg":{
         "label":0
      },
      "dog_205.jpg":{
         "label":0
      },
      "dog_206.jpg":{
         "label":0
      },
      "dog_207.jpg":{
         "label":0
      },
      "dog_208.jpg":{
         "label":0
      },
      "dog_209.jpg":{
         "label":0
      },
      "dog_21.jpg":{
         "label":0
      },
      "dog_210.jpg":{
         "label":0
      },
      "dog_211.jpg":{
         "label":0
      },
      "dog_212.jpg":{
         "label":0
      },
      "dog_213.jpg":{
         "label":0
      },
      "dog_214.jpg":{
         "label":0
      },
      "dog_215.jpg":{
         "label":0
      },
      "dog_216.jpg":{
         "label":0
      },
      "dog_217.jpg":{
         "label":0
      },
      "dog_218.jpg":{
         "label":0
      },
      "dog_219.jpg":{
         "label":0
      },
      "dog_22.jpg":{
         "label":0
      },
      "dog_220.jpg":{
         "label":0
      },
      "dog_221.jpg":{
         "label":0
      },
      "dog_222.jpg":{
         "label":0
      },
      "dog_223.jpg":{
         "label":0
      },
      "dog_224.jpg":{
         "label":0
      },
      "dog_225.jpg":{
         "label":0
      },
      "dog_226.jpg":{
         "label":0
      },
      "dog_227.jpg":{
         "label":0
      },
      "dog_228.jpg":{
         "label":0
      },
      "dog_229.jpg":{
         "label":0
      },
      "dog_23.jpg":{
         "label":0
      },
      "dog_230.jpg":{
         "label":0
      },
      "dog_231.jpg":{
         "label":0
      },
      "dog_232.jpg":{
         "label":0
      },
      "dog_233.jpg":{
         "label":0
      },
      "dog_234.jpg":{
         "label":0
      },
      "dog_235.jpg":{
         "label":0
      },
      "dog_236.jpg":{
         "label":0
      },
      "dog_237.jpg":{
         "label":0
      },
      "dog_238.jpg":{
         "label":0
      },
      "dog_239.jpg":{
         "label":0
      },
      "dog_24.jpg":{
         "label":0
      },
      "dog_240.jpg":{
         "label":0
      },
      "dog_241.jpg":{
         "label":0
      },
      "dog_242.jpg":{
         "label":0
      },
      "dog_243.jpg":{
         "label":0
      },
      "dog_244.jpg":{
         "label":0
      },
      "dog_245.jpg":{
         "label":0
      },
      "dog_246.jpg":{
         "label":0
      },
      "dog_247.jpg":{
         "label":0
      },
      "dog_248.jpg":{
         "label":0
      },
      "dog_249.jpg":{
         "label":0
      },
      "dog_25.jpg":{
         "label":0
      },
      "dog_250.jpg":{
         "label":0
      },
      "dog_251.jpg":{
         "label":0
      },
      "dog_252.jpg":{
         "label":0
      },
      "dog_253.jpg":{
         "label":0
      },
      "dog_254.jpg":{
         "label":0
      },
      "dog_255.jpg":{
         "label":0
      },
      "dog_256.jpg":{
         "label":0
      },
      "dog_257.jpg":{
         "label":0
      },
      "dog_258.jpg":{
         "label":0
      },
      "dog_259.jpg":{
         "label":0
      },
      "dog_26.jpg":{
         "label":0
      },
      "dog_260.jpg":{
         "label":0
      },
      "dog_261.jpg":{
         "label":0
      },
      "dog_262.jpg":{
         "label":0
      },
      "dog_263.jpg":{
         "label":0
      },
      "dog_264.jpg":{
         "label":0
      },
      "dog_265.jpg":{
         "label":0
      },
      "dog_266.jpg":{
         "label":0
      },
      "dog_267.jpg":{
         "label":0
      },
      "dog_268.jpg":{
         "label":0
      },
      "dog_269.jpg":{
         "label":0
      },
      "dog_27.jpg":{
         "label":0
      },
      "dog_270.jpg":{
         "label":0
      },
      "dog_271.jpg":{
         "label":0
      },
      "dog_272.jpg":{
         "label":0
      },
      "dog_273.jpg":{
         "label":0
      },
      "dog_274.jpg":{
         "label":0
      },
      "dog_275.jpg":{
         "label":0
      },
      "dog_276.jpg":{
         "label":0
      },
      "dog_277.jpg":{
         "label":0
      },
      "dog_278.jpg":{
         "label":0
      },
      "dog_279.jpg":{
         "label":0
      },
      "dog_28.jpg":{
         "label":0
      },
      "dog_280.jpg":{
         "label":0
      },
      "dog_281.jpg":{
         "label":0
      },
      "dog_282.jpg":{
         "label":0
      },
      "dog_283.jpg":{
         "label":0
      },
      "dog_284.jpg":{
         "label":0
      },
      "dog_285.jpg":{
         "label":0
      },
      "dog_286.jpg":{
         "label":0
      },
      "dog_287.jpg":{
         "label":0
      },
      "dog_288.jpg":{
         "label":0
      },
      "dog_289.jpg":{
         "label":0
      },
      "dog_29.jpg":{
         "label":0
      },
      "dog_290.jpg":{
         "label":0
      },
      "dog_291.jpg":{
         "label":0
      },
      "dog_292.jpg":{
         "label":0
      },
      "dog_293.jpg":{
         "label":0
      },
      "dog_294.jpg":{
         "label":0
      },
      "dog_295.jpg":{
         "label":0
      },
      "dog_296.jpg":{
         "label":0
      },
      "dog_297.jpg":{
         "label":0
      },
      "dog_298.jpg":{
         "label":0
      },
      "dog_299.jpg":{
         "label":0
      },
      "dog_3.jpg":{
         "label":0
      },
      "dog_30.jpg":{
         "label":0
      },
      "dog_31.jpg":{
         "label":0
      },
      "dog_32.jpg":{
         "label":0
      },
      "dog_33.jpg":{
         "label":0
      },
      "dog_34.jpg":{
         "label":0
      },
      "dog_35.jpg":{
         "label":0
      },
      "dog_36.jpg":{
         "label":0
      },
      "dog_37.jpg":{
         "label":0
      },
      "dog_38.jpg":{
         "label":0
      },
      "dog_39.jpg":{
         "label":0
      },
      "dog_4.jpg":{
         "label":0
      },
      "dog_40.jpg":{
         "label":0
      },
      "dog_41.jpg":{
         "label":0
      },
      "dog_42.jpg":{
         "label":0
      },
      "dog_43.jpg":{
         "label":0
      },
      "dog_44.jpg":{
         "label":0
      },
      "dog_45.jpg":{
         "label":0
      },
      "dog_46.jpg":{
         "label":0
      },
      "dog_47.jpg":{
         "label":0
      },
      "dog_48.jpg":{
         "label":0
      },
      "dog_49.jpg":{
         "label":0
      },
      "dog_5.jpg":{
         "label":0
      },
      "dog_50.jpg":{
         "label":0
      },
      "dog_51.jpg":{
         "label":0
      },
      "dog_52.jpg":{
         "label":0
      },
      "dog_53.jpg":{
         "label":0
      },
      "dog_54.jpg":{
         "label":0
      },
      "dog_55.jpg":{
         "label":0
      },
      "dog_56.jpg":{
         "label":0
      },
      "dog_57.jpg":{
         "label":0
      },
      "dog_58.jpg":{
         "label":0
      },
      "dog_59.jpg":{
         "label":0
      },
      "dog_6.jpg":{
         "label":0
      },
      "dog_60.jpg":{
         "label":0
      },
      "dog_61.jpg":{
         "label":0
      },
      "dog_62.jpg":{
         "label":0
      },
      "dog_63.jpg":{
         "label":0
      },
      "dog_64.jpg":{
         "label":0
      },
      "dog_65.jpg":{
         "label":0
      },
      "dog_66.jpg":{
         "label":0
      },
      "dog_67.jpg":{
         "label":0
      },
      "dog_68.jpg":{
         "label":0
      },
      "dog_69.jpg":{
         "label":0
      },
      "dog_7.jpg":{
         "label":0
      },
      "dog_70.jpg":{
         "label":0
      },
      "dog_71.jpg":{
         "label":0
      },
      "dog_72.jpg":{
         "label":0
      },
      "dog_73.jpg":{
         "label":0
      },
      "dog_74.jpg":{
         "label":0
      },
      "dog_75.jpg":{
         "label":0
      },
      "dog_76.jpg":{
         "label":0
      },
      "dog_77.jpg":{
         "label":0
      },
      "dog_78.jpg":{
         "label":0
      },
      "dog_79.jpg":{
         "label":0
      },
      "dog_8.jpg":{
         "label":0
      },
      "dog_80.jpg":{
         "label":0
      },
      "dog_81.jpg":{
         "label":0
      },
      "dog_82.jpg":{
         "label":0
      },
      "dog_83.jpg":{
         "label":0
      },
      "dog_84.jpg":{
         "label":0
      },
      "dog_85.jpg":{
         "label":0
      },
      "dog_86.jpg":{
         "label":0
      },
      "dog_87.jpg":{
         "label":0
      },
      "dog_88.jpg":{
         "label":0
      },
      "dog_89.jpg":{
         "label":0
      },
      "dog_9.jpg":{
         "label":0
      },
      "dog_90.jpg":{
         "label":0
      },
      "dog_91.jpg":{
         "label":0
      },
      "dog_92.jpg":{
         "label":0
      },
      "dog_93.jpg":{
         "label":0
      },
      "dog_94.jpg":{
         "label":0
      },
      "dog_95.jpg":{
         "label":0
      },
      "dog_96.jpg":{
         "label":0
      },
      "dog_97.jpg":{
         "label":0
      },
      "dog_98.jpg":{
         "label":0
      },
      "dog_99.jpg":{
         "label":0
      }
   }
}